{
    "topic": {
        "x": 493.03132454508034,
        "y": 409.99997943380737,
        "width": 202.93035316445471,
        "height": 125.0268653648498
    },
    "subtopics": [
        {
            "icon": {
                "x": 476.00076129162153,
                "y": 595.9999871295438,
                "width": 80,
                "height": 80
            },
            "title": {
                "x": 53.0111633713575,
                "y": 662.0832995815573,
                "width": 209.80687938284373,
                "height": 35.894425771164514
            },
            "content": {
                "x": 53.99935149232232,
                "y": 709.9014743674278,
                "width": 208.83806749954482,
                "height": 94.04691831721804
            }
        },
        {
            "icon": {
                "x": 381.9997180401401,
                "y": 501.9999920388932,
                "width": 80,
                "height": 80
            },
            "title": {
                "x": 51.83452066823823,
                "y": 507.0800122070307,
                "width": 208.88541134448758,
                "height": 32.79888474909162
            },
            "content": {
                "x": 52.78751376545543,
                "y": 551.2667002373082,
                "width": 209.04573772393113,
                "height": 87.7795027514701
            }
        },
        {
            "icon": {
                "x": 381.9984633187638,
                "y": 361.99999515699335,
                "width": 80,
                "height": 80
            },
            "title": {
                "x": 51.02071437139932,
                "y": 341.8610918220128,
                "width": 207.86855380164667,
                "height": 34.77775312047387
            },
            "content": {
                "x": 51.011135175371535,
                "y": 388.2009909145504,
                "width": 208.82647340441923,
                "height": 99.45600533903503
            }
        },
        {
            "icon": {
                "x": 471.00382055610123,
                "y": 268.9999954223636,
                "width": 80,
                "height": 80
            },
            "title": {
                "x": 49.02077612091587,
                "y": 189.9722164006628,
                "width": 209.82037120823486,
                "height": 32.79569346752088
            },
            "content": {
                "x": 50.011121077378604,
                "y": 235.86109885432376,
                "width": 210.78728536126823,
                "height": 91.07526605649787
            }
        }
    ]
}