{
    "topic": {
        "x": 258.0008385744235,
        "y": 333,
        "width": 211.77017982311676,
        "height": 143.31275201612902
    },
    "subtopics": [
        {
            "icon": {
                "x": 125.00456969986467,
                "y": 107.24498506807251,
                "width": 177.4519222013567,
                "height": 112.1935147497357
            },
            "title": {
                "x": 125.00013268582654,
                "y": 62,
                "width": 178.4366695753481,
                "height": 38.79662298387097
            },
            "content": {
                "x": 54.999230422206324,
                "y": 257,
                "width": 80,
                "height": 80
            }
        },
        {
            "icon": {
                "x": 427.2263640102965,
                "y": 105.245,
                "width": 177,
                "height": 112.2
            },
            "title": {
                "x": 427.2263640102965,
                "y": 59.995000000000005,
                "width": 178,
                "height": 39
            },
            "content": {
                "x": 585.002043361728,
                "y": 270,
                "width": 80,
                "height": 80
            }
        },
        {
            "icon": {
                "x": 422.22623132446995,
                "y": 645.2449999999999,
                "width": 177,
                "height": 112.2
            },
            "title": {
                "x": 422.22623132446995,
                "y": 599.9950000000001,
                "width": 178,
                "height": 39
            },
            "content": {
                "x": 589.9999203885043,
                "y": 455,
                "width": 80,
                "height": 80
            }
        },
        {
            "icon": {
                "x": 123.22443210466263,
                "y": 640.2449999999999,
                "width": 177,
                "height": 112.2
            },
            "title": {
                "x": 123.22443210466261,
                "y": 594.995,
                "width": 178,
                "height": 39
            },
            "content": {
                "x": 54.99697476315585,
                "y": 458,
                "width": 80,
                "height": 80
            }
        }
    ]
}