{
    "topic": {
        "x": 506,
        "y": 396,
        "width": 194.11764705882354,
        "height": 156.7741935483871
    },
    "subtopics": [
        {
            "title": {
                "x": 17.80000000000001,
                "y": 693.89,
                "width": 218.00000000000003,
                "height": 40.800000000000004
            },
            "content": {
                "x": 17.799999999999997,
                "y": 747.89,
                "width": 220.00000000000003,
                "height": 108.60000000000001
            },
            "icon": {
                "x": 484,
                "y": 652.0000000000001,
                "width": 80,
                "height": 80
            }
        },
        {
            "title": {
                "x": 15.799999999999983,
                "y": 493.89000000000004,
                "width": 218.00000000000003,
                "height": 40.800000000000004
            },
            "content": {
                "x": 15.799999999999983,
                "y": 547.89,
                "width": 220.00000000000003,
                "height": 108.60000000000001
            },
            "icon": {
                "x": 388,
                "y": 530,
                "width": 80,
                "height": 80
            }
        },
        {
            "title": {
                "x": 17.799999999999983,
                "y": 291.89000000000004,
                "width": 218.00000000000003,
                "height": 40.800000000000004
            },
            "content": {
                "x": 17.799999999999997,
                "y": 345.89,
                "width": 220.00000000000003,
                "height": 108.60000000000001
            },
            "icon": {
                "x": 386,
                "y": 344,
                "width": 80,
                "height": 80
            }
        },
        {
            "title": {
                "x": 17.999999999999986,
                "y": 96,
                "width": 217.64705882352945,
                "height": 40.645161290322584
            },
            "content": {
                "x": 17.999999999999986,
                "y": 150,
                "width": 219.60784313725492,
                "height": 108.38709677419357
            },
            "icon": {
                "x": 480,
                "y": 208,
                "width": 80,
                "height": 80
            }
        }
    ]
}