{
    "topic": {
        "x": 239.9999999999999,
        "y": 402,
        "width": 237.2549019607844,
        "height": 109.02439024390249
    },
    "subtopics": [
        {
            "title": {
                "x": 13.999999999999972,
                "y": 48,
                "width": 201.96078431372553,
                "height": 69.67741935483872
            },
            "content": {
                "x": 16.080808080808097,
                "y": 10,
                "width": 199.9207763913646,
                "height": 29.032258064516128
            },
            "icon": {
                "x": 55.99999999999998,
                "y": 172,
                "width": 108.29268292682927,
                "height": 108.29268292682927
            }
        },
        {
            "title": {
                "x": 266.05999999999995,
                "y": 46.04000000000003,
                "width": 199.9411764705883,
                "height": 69.6
            },
            "content": {
                "x": 268.1212492419648,
                "y": 8.040000000000017,
                "width": 197.87992722862347,
                "height": 28.799999999999997
            },
            "icon": {
                "x": 302,
                "y": 172.00000000000003,
                "width": 108,
                "height": 108
            }
        },
        {
            "title": {
                "x": 518.0612121212122,
                "y": 46.04000000000003,
                "width": 197.9191919191919,
                "height": 69.6
            },
            "content": {
                "x": 520.1016161616162,
                "y": 8.040000000000017,
                "width": 195.87878787878785,
                "height": 28.799999999999997
            },
            "icon": {
                "x": 553.9999999999999,
                "y": 174.00000000000003,
                "width": 108,
                "height": 108
            }
        },
        {
            "title": {
                "x": 13.960000000000008,
                "y": 836.04,
                "width": 202,
                "height": 69.6
            },
            "content": {
                "x": 16.04000000000002,
                "y": 798.04,
                "width": 200,
                "height": 28.799999999999997
            },
            "icon": {
                "x": 54.00000000000001,
                "y": 622,
                "width": 108,
                "height": 108
            }
        },
        {
            "title": {
                "x": 255.96000000000004,
                "y": 838.04,
                "width": 202,
                "height": 69.6
            },
            "content": {
                "x": 258.03999999999996,
                "y": 800.04,
                "width": 200,
                "height": 28.799999999999997
            },
            "icon": {
                "x": 295.99999999999994,
                "y": 622,
                "width": 108,
                "height": 108
            }
        },
        {
            "title": {
                "x": 513.96,
                "y": 838.04,
                "width": 202,
                "height": 69.6
            },
            "content": {
                "x": 516.04,
                "y": 800.04,
                "width": 200,
                "height": 28.799999999999997
            },
            "icon": {
                "x": 540,
                "y": 622,
                "width": 108,
                "height": 108
            }
        }
    ]
}