{
    "topic": {
        "x": 153.00000000000003,
        "y": 8,
        "width": 413.7254901960784,
        "height": 49.35483870967742
    },
    "subtopics": [
        {
            "icon": {
                "x": 544,
                "y": 158,
                "width": 80,
                "height": 80
            },
            "title": {
                "x": 277,
                "y": 116,
                "width": 250,
                "height": 43.54838709677419
            },
            "content": {
                "x": 279,
                "y": 169,
                "width": 249,
                "height": 113.71069182389937
            }
        },
        {
            "icon": {
                "x": 547,
                "y": 414.9934,
                "width": 80,
                "height": 80
            },
            "title": {
                "x": 280,
                "y": 372.9934,
                "width": 250,
                "height": 43.8
            },
            "content": {
                "x": 282,
                "y": 425.9934,
                "width": 249,
                "height": 113.72319999999999
            }
        },
        {
            "icon": {
                "x": 550,
                "y": 669.9934000000001,
                "width": 80,
                "height": 80
            },
            "title": {
                "x": 283,
                "y": 627.9934,
                "width": 250,
                "height": 43.8
            },
            "content": {
                "x": 285,
                "y": 680.9934000000001,
                "width": 249,
                "height": 113.72319999999999
            }
        }
    ]
}