{
    "topic": {
        "x": 254,
        "y": 332,
        "width": 220.7317073170732,
        "height": 145.16129032258064
    },
    "subtopics": [
        {
            "title": {
                "x": 126.00000000000001,
                "y": 56,
                "width": 190.1960784313725,
                "height": 40.64516129032258
            },
            "content": {
                "x": 126.00000000000001,
                "y": 106,
                "width": 188.23529411764704,
                "height": 100.64516129032258
            },
            "icon": {
                "x": 56,
                "y": 262,
                "width": 80,
                "height": 80
            }
        },
        {
            "title": {
                "x": 416.1,
                "y": 59.920000000000016,
                "width": 190,
                "height": 40.800000000000004
            },
            "content": {
                "x": 416.09999999999997,
                "y": 109.92,
                "width": 188,
                "height": 100.8
            },
            "icon": {
                "x": 576,
                "y": 260,
                "width": 80,
                "height": 80
            }
        },
        {
            "title": {
                "x": 416.1,
                "y": 601.92,
                "width": 190,
                "height": 40.800000000000004
            },
            "content": {
                "x": 416.09999999999997,
                "y": 651.92,
                "width": 188,
                "height": 100.8
            },
            "icon": {
                "x": 582,
                "y": 450,
                "width": 80,
                "height": 80
            }
        },
        {
            "title": {
                "x": 122.10000000000001,
                "y": 599.92,
                "width": 190,
                "height": 40.800000000000004
            },
            "content": {
                "x": 122.10000000000002,
                "y": 649.92,
                "width": 188,
                "height": 100.8
            },
            "icon": {
                "x": 56,
                "y": 456,
                "width": 80,
                "height": 80
            }
        }
    ]
}