{
    "topic": {
        "x": 8.999999999999957,
        "y": 392,
        "width": 218.6274509803922,
        "height": 159.6774193548387
    },
    "subtopics": [
        {
            "icon": {
                "x": 336,
                "y": 64,
                "width": 80,
                "height": 80
            },
            "title": {
                "x": 438,
                "y": 90,
                "width": 256.86274509803917,
                "height": 49.35483870967742
            },
            "content": {
                "x": 437.0000000000001,
                "y": 152,
                "width": 259.9054889131223,
                "height": 169.61844863731656
            }
        },
        {
            "icon": {
                "x": 389.93000000000006,
                "y": 378.0148,
                "width": 80,
                "height": 80
            },
            "title": {
                "x": 492,
                "y": 404.0148,
                "width": 232.35294117647055,
                "height": 49.199999999999996
            },
            "content": {
                "x": 494,
                "y": 467.0148,
                "width": 233.70000000000002,
                "height": 169.5904
            }
        },
        {
            "icon": {
                "x": 349.93,
                "y": 697.0147999999999,
                "width": 80,
                "height": 80
            },
            "title": {
                "x": 442.93,
                "y": 676.0148,
                "width": 257,
                "height": 49.199999999999996
            },
            "content": {
                "x": 441.93000000000006,
                "y": 738.0147999999999,
                "width": 260,
                "height": 163.6030315143066
            }
        }
    ]
}